<?xml version="1.0" encoding="UTF-8"?>
<projectDescription>
	<name>SymphonyCore</name>
	<comment></comment>
	<projects>
	</projects>
	<buildSpec>
		<buildCommand>
			<name>io.sloeber.core.inoToCpp</name>
			<arguments>
			</arguments>
		</buildCommand>
		<buildCommand>
			<name>org.eclipse.cdt.managedbuilder.core.genmakebuilder</name>
			<triggers>clean,full,incremental,</triggers>
			<arguments>
			</arguments>
		</buildCommand>
		<buildCommand>
			<name>org.eclipse.cdt.managedbuilder.core.ScannerConfigBuilder</name>
			<triggers>full,incremental,</triggers>
			<arguments>
			</arguments>
		</buildCommand>
	</buildSpec>
	<natures>
		<nature>org.eclipse.cdt.core.cnature</nature>
		<nature>org.eclipse.cdt.core.ccnature</nature>
		<nature>org.eclipse.cdt.managedbuilder.core.managedBuildNature</nature>
		<nature>org.eclipse.cdt.managedbuilder.core.ScannerConfigNature</nature>
		<nature>io.sloeber.arduinonature</nature>
	</natures>
	<linkedResources>
		<link>
			<name>core/core</name>
			<type>2</type>
			<locationURI>ECLIPSE_HOME/arduinoPlugin/packages/esp8266/hardware/esp8266/2.4.1/cores/esp8266</locationURI>
		</link>
		<link>
			<name>core/variant</name>
			<type>2</type>
			<locationURI>ECLIPSE_HOME/arduinoPlugin/packages/esp8266/hardware/esp8266/2.4.1/variants/generic</locationURI>
		</link>
		<link>
			<name>libraries/ArduinoJson</name>
			<type>2</type>
			<locationURI>WORKSPACE_LOC/Arduino/libraries/ArduinoJson</locationURI>
		</link>
		<link>
			<name>libraries/ArduinoOTA</name>
			<type>2</type>
			<locationURI>ECLIPSE_HOME/arduinoPlugin/packages/esp8266/hardware/esp8266/2.4.1/libraries/ArduinoOTA</locationURI>
		</link>
		<link>
			<name>libraries/DNSServer</name>
			<type>2</type>
			<locationURI>ECLIPSE_HOME/arduinoPlugin/packages/esp8266/hardware/esp8266/2.4.1/libraries/DNSServer</locationURI>
		</link>
		<link>
			<name>libraries/ESP8266-RemoteDebug-Telnet</name>
			<type>2</type>
			<locationURI>WORKSPACE_LOC/Arduino/libraries/ESP8266-RemoteDebug-Telnet</locationURI>
		</link>
		<link>
			<name>libraries/ESP8266-RemoteDebug-Telnet-master</name>
			<type>2</type>
			<locationURI>WORKSPACE_LOC/Arduino/libraries/ESP8266-RemoteDebug-Telnet-master</locationURI>
		</link>
		<link>
			<name>libraries/ESP8266HTTPClient</name>
			<type>2</type>
			<locationURI>ECLIPSE_HOME/arduinoPlugin/packages/esp8266/hardware/esp8266/2.4.1/libraries/ESP8266HTTPClient</locationURI>
		</link>
		<link>
			<name>libraries/ESP8266WebServer</name>
			<type>2</type>
			<locationURI>ECLIPSE_HOME/arduinoPlugin/packages/esp8266/hardware/esp8266/2.4.1/libraries/ESP8266WebServer</locationURI>
		</link>
		<link>
			<name>libraries/ESP8266WiFi</name>
			<type>2</type>
			<locationURI>ECLIPSE_HOME/arduinoPlugin/packages/esp8266/hardware/esp8266/2.4.1/libraries/ESP8266WiFi</locationURI>
		</link>
		<link>
			<name>libraries/ESP8266httpUpdate</name>
			<type>2</type>
			<locationURI>ECLIPSE_HOME/arduinoPlugin/packages/esp8266/hardware/esp8266/2.4.1/libraries/ESP8266httpUpdate</locationURI>
		</link>
		<link>
			<name>libraries/ESP8266mDNS</name>
			<type>2</type>
			<locationURI>ECLIPSE_HOME/arduinoPlugin/packages/esp8266/hardware/esp8266/2.4.1/libraries/ESP8266mDNS</locationURI>
		</link>
		<link>
			<name>libraries/Ethernet</name>
			<type>2</type>
			<locationURI>ECLIPSE_HOME/arduinoPlugin/packages/esp8266/hardware/esp8266/2.4.1/libraries/Ethernet</locationURI>
		</link>
		<link>
			<name>libraries/Hash</name>
			<type>2</type>
			<locationURI>ECLIPSE_HOME/arduinoPlugin/packages/esp8266/hardware/esp8266/2.4.1/libraries/Hash</locationURI>
		</link>
		<link>
			<name>libraries/PubSubClient</name>
			<type>2</type>
			<locationURI>WORKSPACE_LOC/Arduino/libraries/PubSubClient</locationURI>
		</link>
		<link>
			<name>libraries/SPI</name>
			<type>2</type>
			<locationURI>ECLIPSE_HOME/arduinoPlugin/packages/esp8266/hardware/esp8266/2.4.1/libraries/SPI</locationURI>
		</link>
		<link>
			<name>libraries/WebSockets</name>
			<type>2</type>
			<locationURI>WORKSPACE_LOC/Arduino/libraries/WebSockets</locationURI>
		</link>
		<link>
			<name>libraries/WiFiManager</name>
			<type>2</type>
			<locationURI>WORKSPACE_LOC/Arduino/libraries/WiFiManager</locationURI>
		</link>
		<link>
			<name>libraries/arduinoWebSockets</name>
			<type>2</type>
			<locationURI>WORKSPACE_LOC/Arduino/libraries/arduinoWebSockets</locationURI>
		</link>
		<link>
			<name>libraries/arduinoWebSockets-master</name>
			<type>2</type>
			<locationURI>WORKSPACE_LOC/Arduino/libraries/arduinoWebSockets-master</locationURI>
		</link>
	</linkedResources>
</projectDescription>
